100-lecia Związku Harcerstwa Polskiego;;;;;;;;;
Listopada;;;;;;;;;
Brygady Szczerbca;;;;;;;;;
Maja;;;;;;;;;
Achillesa;;;;;;;;;
Asnyka;;;;;;;;;
Mickiewicza;;;;;;;;;
Dygasińskiego;;;;;;;;;
Afrodyty;;;;;;;;;
Agrarna;;;;;;;;;
Akacjowa;;;;;;;;;
Aksamitna;;;;;;;;;
Akteona;;;;;;;;;
Akwenowa;;;;;;;;;
Aldony;;;;;;;;;
Aleja Kazimierza Jagiellończyka;;;;;;;;;
Aleja Macieja Płażyńskiego;;;;;;;;;
Aleja Vaclava Havla;;;;;;;;;
Aleja Żołnierzy Wyklętych;;;;;;;;;
Dulin'a;;;;;;;;;
Fredry;;;;;;;;;
Gryglewskiego;;;;;;;;;
Majkowskiego;;;;;;;;;
Orłowskiego;;;;;;;;;
Potyrały;;;;;;;;;
Puszkina;;;;;;;;;
Rylkego;;;;;;;;;
Volty;;;;;;;;;
Zelwerowicza;;;;;;;;;
Gabrysiak;;;;;;;;;
Liczmańskiego;;;;;;;;;
Flisykowskiego;;;;;;;;;
Nobla;;;;;;;;;
Pienkowskiej;;;;;;;;;
Bruskiego;;;;;;;;;
Altanki;;;;;;;;;
Ametystowa;;;;;;;;;
Amundsena;;;;;;;;;
Wika-Czarnowskiego;;;;;;;;;
Andromedy;;;;;;;;;
Grubby;;;;;;;;;
Huenefelda;;;;;;;;;
Modrzewskiego;;;;;;;;;
Struga;;;;;;;;;
Angielska Grobla;;;;;;;;;
Jagiellonki;;;;;;;;;
Abrahama;;;;;;;;;
Antczaka;;;;;;;;;
Dobrowolskiego;;;;;;;;;
Lendziona;;;;;;;;;
Madalińskiego;;;;;;;;;
Michny;;;;;;;;;
Słonimskiego;;;;;;;;;
Suchanka;;;;;;;;;
Antygony;;;;;;;;;
Dickmana;;;;;;;;;
Ariadny;;;;;;;;;
Arkońska;;;;;;;;;
Armii Krajowej;;;;;;;;;
Aroniowa;;;;;;;;;
Artemidy;;;;;;;;;
Grottgera;;;;;;;;;
Schopenhauera;;;;;;;;;
Asesora;;;;;;;;;
Astronautów;;;;;;;;;
Astronomów;;;;;;;;;
Astrowa;;;;;;;;;
Ateny;;;;;;;;;
Augustowska;;;;;;;;;
Necla;;;;;;;;;
Azaliowa;;;;;;;;;
Azymutalna;;;;;;;;;
Bajki;;;;;;;;;
Bałtycka;;;;;;;;;
Banińska;;;;;;;;;
Barkoczyńska;;;;;;;;;
Barniewicka;;;;;;;;;
Barokowa;;;;;;;;;
Bartka;;;;;;;;;
Bartnicza;;;;;;;;;
Barwna;;;;;;;;;
Baśniowa;;;;;;;;;
Bastion św. Elżbiety;;;;;;;;;
Basztowa;;;;;;;;;
Batalionów Chłopskich;;;;;;;;;
Bażantowa;;;;;;;;;
Bednarska;;;;;;;;;
Będomińska;;;;;;;;;
Begoniowa;;;;;;;;;
Belgradzka;;;;;;;;;
Benzynowa;;;;;;;;;
Bereniki;;;;;;;;;
Chrzanowskiego;;;;;;;;;
Milewskiego;;;;;;;;;
Milskiego;;;;;;;;;
Beskidzka;;;;;;;;;
Betoniarzy;;;;;;;;;
Biała;;;;;;;;;
Białostocka;;;;;;;;;
Białowieska;;;;;;;;;
Bielańska;;;;;;;;;
Bieszczadzka;;;;;;;;;
Bieszkowicka;;;;;;;;;
Biologiczna;;;;;;;;;
Biskupia;;;;;;;;;
Bitwy Oliwskiej;;;;;;;;;
Bitwy pod Lenino;;;;;;;;;
Biwakowa;;;;;;;;;
Pascala;;;;;;;;;
Błękitna;;;;;;;;;
Bliska;;;;;;;;;
Bliźniąt;;;;;;;;;
Blizowa;;;;;;;;;
Błońska;;;;;;;;;
Bluszczowa;;;;;;;;;
Bobrowa;;;;;;;;;
Boczna;;;;;;;;;
Kobieli;;;;;;;;;
Bohaterów Getta Warszawskiego;;;;;;;;;
Bolesława Chrobrego;;;;;;;;;
Bolesława Krzywoustego;;;;;;;;;
Leśmiana;;;;;;;;;
Prusa;;;;;;;;;
Borkowska;;;;;;;;;
Borówkowa;;;;;;;;;
Borska;;;;;;;;;
Borsucza;;;;;;;;;
Bosmańska;;;;;;;;;
Botaniczna;;;;;;;;;
Wronki;;;;;;;;;
Nowickiego;;;;;;;;;
O'Rourke;;;;;;;;;
Rozrażewskiego;;;;;;;;;
Dominika;;;;;;;;;
Lewoniewskich;;;;;;;;;
Bracka;;;;;;;;;
Bratki;;;;;;;;;
Brodnicka;;;;;;;;;
Bukowskiego;;;;;;;;;
Czecha;;;;;;;;;
Browarna;;;;;;;;;
Brukowa;;;;;;;;;
Brygidki;;;;;;;;;
Brylantowa;;;;;;;;;
Brzegi;;;;;;;;;
Brzeźnieńska;;;;;;;;;
Brzoskwiniowa;;;;;;;;;
Brzozowa;;;;;;;;;
Budapesztańska;;;;;;;;;
Budowlanych;;;;;;;;;
Budowniczych Portu Północnego;;;;;;;;;
Budziszów;;;;;;;;;
Bukowa;;;;;;;;;
Bulońska;;;;;;;;;
Burgaska;;;;;;;;;
Bursztynowa;;;;;;;;;
Bydgoska;;;;;;;;;
Bysewska;;;;;;;;;
Bystrzycka;;;;;;;;;
Bytowska;;;;;;;;;
Bzowa;;;;;;;;;
Cedrowa;;;;;;;;;
Cefeusza;;;;;;;;;
Ceglana;;;;;;;;;
Cementowa;;;;;;;;;
Centaura;;;;;;;;;
Cerery;;;;;;;;;
Chabrowa;;;;;;;;;
Charzykowska;;;;;;;;;
Chełmińska;;;;;;;;;
Chemików;;;;;;;;;
Chirona;;;;;;;;;
Chlebnicka;;;;;;;;;
Chłodna;;;;;;;;;
Chłopska;;;;;;;;;
Chmielna;;;;;;;;;
Choczewska;;;;;;;;;
Chojnicka;;;;;;;;;
Andersena;;;;;;;;;
Chwaszczyńska;;;;;;;;;
Ciasna;;;;;;;;;
Cicha;;;;;;;;;
Ciechanowska;;;;;;;;;
Cienista;;;;;;;;;
Cieplewska;;;;;;;;;
Ciesielska;;;;;;;;;
Cietrzewia;;;;;;;;;
Cisowa;;;;;;;;;
Cmentarna;;;;;;;;;
Cumowników;;;;;;;;;
Cygańska Góra;;;;;;;;;
Norwida;;;;;;;;;
Cyprysowa;;;;;;;;;
Cystersów;;;;;;;;;
Cytrowa;;;;;;;;;
Czajki;;;;;;;;;
Czaplewska;;;;;;;;;
Czarna;;;;;;;;;
Czarny Dwór;;;;;;;;;
Czeremchowa;;;;;;;;;
Czereśniowa;;;;;;;;;
Czerska;;;;;;;;;
Czerwcowa;;;;;;;;;
Czerwony Dwór;;;;;;;;;
Miłosza;;;;;;;;;
Niemena;;;;;;;;;
Częstochowska;;;;;;;;;
Człuchowska;;;;;;;;;
Czopowa;;;;;;;;;
Czyżyków;;;;;;;;;
Dąbrówki;;;;;;;;;
Daleka;;;;;;;;;
Daliowa;;;;;;;;;
Tilgnera;;;;;;;;;
Damroki;;;;;;;;;
Chodowieckiego;;;;;;;;;
Fahrenheita;;;;;;;;;
Danusi;;;;;;;;;
Kobzdeja;;;;;;;;;
Darłowska;;;;;;;;;
Daru Pomorza;;;;;;;;;
Darżlubska;;;;;;;;;
Dębinki;;;;;;;;;
Dębogórska;;;;;;;;;
Dębowa;;;;;;;;;
Dedala;;;;;;;;;
Delfina;;;;;;;;;
Deotymy;;;;;;;;;
Diamentowa;;;;;;;;;
Diany;;;;;;;;;
Dionizosa;;;;;;;;;
Długa;;;;;;;;;
Długa Grobla;;;;;;;;;
Długi Targ;;;;;;;;;
Długie Ogrody;;;;;;;;;
Długie Pobrzeże;;;;;;;;;
Do Studzienki;;;;;;;;;
Dobra;;;;;;;;;
Dobrzyńskich;;;;;;;;;
Dojazdowa;;;;;;;;;
Dokerów;;;;;;;;;
Doki;;;;;;;;;
Dolna;;;;;;;;;
Dolna Brama;;;;;;;;;
Dolne Migowo;;;;;;;;;
Dolne Młyny;;;;;;;;;
Dominikański;;;;;;;;;
Michalaka;;;;;;;;;
Paneckiego;;;;;;;;;
Drawska;;;;;;;;;
Drożyny;;;;;;;;;
Drużyn Strzeleckich;;;;;;;;;
Drwęcka;;;;;;;;;
Dulkowa;;;;;;;;;
Dworcowa;;;;;;;;;
Dworcowy;;;;;;;;;
Dworkowa;;;;;;;;;
Dworska;;;;;;;;;
Dylinki;;;;;;;;;
Dyrekcyjna;;;;;;;;;
Dywizji Wołyńskiej;;;;;;;;;
Dywizjonu 303;;;;;;;;;
Dziana;;;;;;;;;
Dzielna;;;;;;;;;
Dźwigowa;;;;;;;;;
Dzwonki;;;;;;;;;
Biernackiego;;;;;;;;;
Stachury;;;;;;;;;
Egiertowska;;;;;;;;;
Elbląska;;;;;;;;;
Elewów;;;;;;;;;
Elfów;;;;;;;;;
Orzeszkowej;;;;;;;;;
Elżbietańska;;;;;;;;;
Hoene;;;;;;;;;
Plater;;;;;;;;;
Barzychowskiej;;;;;;;;;
Kwiatkowskiego;;;;;;;;;
Romera;;;;;;;;;
Węgrzyna;;;;;;;;;
Eurydyki;;;;;;;;;
Fabryczna;;;;;;;;;
Falista;;;;;;;;;
Falowa;;;;;;;;;
Muzyka;;;;;;;;;
Nowowiejskiego;;;;;;;;;
Feniksa;;;;;;;;;
Figowa;;;;;;;;;
Filaretów;;;;;;;;;
Filmowa;;;;;;;;;
Filomatów;;;;;;;;;
Fiołkowa;;;;;;;;;
Flisacka;;;;;;;;;
Ceynowy;;;;;;;;;
Floriańska;;;;;;;;;
Flory;;;;;;;;;
Forsycji;;;;;;;;;
Bellinga;;;;;;;;;
Bohomolca;;;;;;;;;
Hynka;;;;;;;;;
Kręckiego;;;;;;;;;
Kubacza;;;;;;;;;
Liszta;;;;;;;;;
Mamuszki;;;;;;;;;
Rakoczego;;;;;;;;;
Schuberta;;;;;;;;;
Zabłockiego;;;;;;;;;
Zubrzyckiego;;;;;;;;;
Frezjowa;;;;;;;;;
Fromborska;;;;;;;;;
Chopina;;;;;;;;;
Fundacyjna;;;;;;;;;
Fundamentowa;;;;;;;;;
Narutowicza;;;;;;;;;
Rzączyńskiego;;;;;;;;;
Gajowa;;;;;;;;;
Galaktyczna;;;;;;;;;
Galileusza;;;;;;;;;
Garbary;;;;;;;;;
Garczyńska;;;;;;;;;
Garncarska;;;;;;;;;
Gazownicza;;;;;;;;;
Gdańska;;;;;;;;;
Gdańskiego Kolejarza;;;;;;;;;
Gdyńska;;;;;;;;;
Gdyńskich Kosynierów;;;;;;;;;
Giełguda;;;;;;;;;
Fieldorfa;;;;;;;;;
Bora-Komorowskiego;;;;;;;;;
de Gaulle'a;;;;;;;;;
Zawackiej;;;;;;;;;
Dąbrowskiego;;;;;;;;;
Bema;;;;;;;;;
Fiszera;;;;;;;;;
Hallera;;;;;;;;;
Sowińskiego;;;;;;;;;
Wybickiego;;;;;;;;;
Sosnkowskiego;;;;;;;;;
Okulickiego;;;;;;;;;
Maczka;;;;;;;;;
Grota-Roweckiego;;;;;;;;;
Sikorskiego;;;;;;;;;
Geodetów;;;;;;;;;
Gerwazego;;;;;;;;;
Gęsia;;;;;;;;;
Głęboka;;;;;;;;;
Głogowa;;;;;;;;;
Głogowska;;;;;;;;;
Głucha;;;;;;;;;
Głuszca;;;;;;;;;
Gnieźnieńska;;;;;;;;;
Gnilna;;;;;;;;;
Gołębia;;;;;;;;;
Gołuńska;;;;;;;;;
Goplańska;;;;;;;;;
Góralska;;;;;;;;;
Górecka;;;;;;;;;
Górka;;;;;;;;;
Górna;;;;;;;;;
Górnicza;;;;;;;;;
Gorzowska;;;;;;;;;
Górzysta;;;;;;;;;
Gościnna;;;;;;;;;
Goska;;;;;;;;;
Gospody;;;;;;;;;
Gostyńska;;;;;;;;;
Goszyńska;;;;;;;;;
Lengnicha;;;;;;;;;
Gotycka;;;;;;;;;
Gowidlińska;;;;;;;;;
Goździkowa;;;;;;;;;
Grabowa;;;;;;;;;
Gradowa;;;;;;;;;
Granitowa;;;;;;;;;
Grażyny;;;;;;;;;
Bacewicz;;;;;;;;;
Grobla I;;;;;;;;;
Grobla II;;;;;;;;;
Grobla III;;;;;;;;;
Grobla IV;;;;;;;;;
Grodza Kamienna;;;;;;;;;
Grodzieńska;;;;;;;;;
Grodzka;;;;;;;;;
Gronostajowa;;;;;;;;;
Gronowa;;;;;;;;;
Groszkowa;;;;;;;;;
Grudziądzka;;;;;;;;;
Grunwaldzka;;;;;;;;;
Gryfa Pomorskiego;;;;;;;;;
Grząska;;;;;;;;;
Fitelberga;;;;;;;;;
Piramowicza;;;;;;;;;
Grzegorza z Sanoka;;;;;;;;;
Grzybowa;;;;;;;;;
Herlinga-Grudzińskiego;;;;;;;;;
Gwiazda Morza;;;;;;;;;
Gwiaździsta;;;;;;;;;
Handlowa;;;;;;;;;
Harfowa;;;;;;;;;
Heleny;;;;;;;;;
Marusarzówny;;;;;;;;;
Modrzejewskiej;;;;;;;;;
Heliosa;;;;;;;;;
Helska;;;;;;;;;
Arctowskiego;;;;;;;;;
Jabłońskiego;;;;;;;;;
Rodakowskiego;;;;;;;;;
Siemiradzkiego;;;;;;;;;
Sienkiewicza;;;;;;;;;
Wieczorkiewicza;;;;;;;;;
Herbowa;;;;;;;;;
Herkulesa;;;;;;;;;
Hermesa;;;;;;;;;
Herosa;;;;;;;;;
Hery;;;;;;;;;
Hestii;;;;;;;;;
Hiacyntowa;;;;;;;;;
Hokejowa;;;;;;;;;
Hołdu Pruskiego;;;;;;;;;
Homera;;;;;;;;;
Horacego;;;;;;;;;
Horeszków;;;;;;;;;
Hoża;;;;;;;;;
Hucisko;;;;;;;;;
Kołłątaja;;;;;;;;;
Husytów;;;;;;;;;
Brygady;;;;;;;;;
Igielnicka;;;;;;;;;
Domeyki;;;;;;;;;
Krasickiego;;;;;;;;;
Kurzyńskiego;;;;;;;;;
Łukasiewicza;;;;;;;;;
Matuszewskiego;;;;;;;;;
Paderewskiego;;;;;;;;;
Wilczewskiego;;;;;;;;;
Brygady;;;;;;;;;
Ikara;;;;;;;;;
Iławska;;;;;;;;;
Iłowa;;;;;;;;;
Hakenbergera;;;;;;;;;
Kaczmarskiego;;;;;;;;;
Haffnera;;;;;;;;;
Inspektorska;;;;;;;;;
Instalatorów;;;;;;;;;
Internetowa;;;;;;;;;
Inwalidów Wojennych;;;;;;;;;
Inżynierska;;;;;;;;;
Sendlerowej;;;;;;;;;
Irysowa;;;;;;;;;
Galla;;;;;;;;;
Izydy;;;;;;;;;
Jabłoniowa;;;;;;;;;
Jachtowa;;;;;;;;;
Kuronia;;;;;;;;;
Malczewskiego;;;;;;;;;
Soplicy;;;;;;;;;
Jagatowska;;;;;;;;;
Jagiellońska;;;;;;;;;
Jaglana;;;;;;;;;
Jagodowa;;;;;;;;;
Wejhera;;;;;;;;;
Jałmużnicza;;;;;;;;;
Augustyńskiego;;;;;;;;;
Bażyńskiego;;;;;;;;;
Brożka;;;;;;;;;
Brzechwy;;;;;;;;;
Charpantiera;;;;;;;;;
Paska;;;;;;;;;
Czirenberga;;;;;;;;;
Dantyszka;;;;;;;;;
Dekerta;;;;;;;;;
Długosza;;;;;;;;;
Dziewanowskiego;;;;;;;;;
Heweliusza;;;;;;;;;
Husa;;;;;;;;;
Kanapariusza;;;;;;;;;
Karskiego;;;;;;;;;
Kasprowicza;;;;;;;;;
Keplera;;;;;;;;;
Kielasa;;;;;;;;;
Kiepury;;;;;;;;;
Kilińskiego;;;;;;;;;
Kochanowskiego;;;;;;;;;
Kozietulskiego;;;;;;;;;
Matejki;;;;;;;;;
Michonia;;;;;;;;;
Nagórskiego;;;;;;;;;
Ostroroga;;;;;;;;;
Jana Pawła II;;;;;;;;;
Pestalozziego;;;;;;;;;
Rybińskiego;;;;;;;;;
Bacha;;;;;;;;;
Jana Sobieskiego;;;;;;;;;
Solikowskiego;;;;;;;;;
Strakowskiego;;;;;;;;;
Styp-Rekowskiego;;;;;;;;;
Uphagena;;;;;;;;;
Wojnarskiego;;;;;;;;;
Jana z Kolna;;;;;;;;;
Jankiela;;;;;;;;;
Jantarowa;;;;;;;;;
Korczaka;;;;;;;;;
Kusocińskiego;;;;;;;;;
Meissnera;;;;;;;;;
Derdowskiego;;;;;;;;;
Jarowa;;;;;;;;;
Jarzębinowa;;;;;;;;;
Jasia i Małgosi;;;;;;;;;
Jasieńska;;;;;;;;;
Jaskółcza;;;;;;;;;
Jaśkowa Dolina;;;;;;;;;
Jaśminowa;;;;;;;;;
Jaśminowy Stok;;;;;;;;;
Jasna;;;;;;;;;
Jastrzębia;;;;;;;;;
Jaworowa;;;;;;;;;
Jaworzniaków;;;;;;;;;
Jednorożca;;;;;;;;;
Jelenia;;;;;;;;;
Jeleniogórska;;;;;;;;;
Jelinki;;;;;;;;;
Jelitkowska;;;;;;;;;
Jelitkowski Dwór;;;;;;;;;
Falck Polonusa;;;;;;;;;
Bajana;;;;;;;;;
Giedroycia;;;;;;;;;
Kołodziejskiego;;;;;;;;;
Świrskiego;;;;;;;;;
Waldorffa;;;;;;;;;
Zwierkowskiego;;;;;;;;;
Jesienna;;;;;;;;;
Jesionowa;;;;;;;;;
Jeziorowa;;;;;;;;;
Lelewela;;;;;;;;;
Pastoriusza;;;;;;;;;
Jodłowa;;;;;;;;;
Jodowa;;;;;;;;;
Jowisza;;;;;;;;;
Chełmońskiego;;;;;;;;;
Chociszewskiego;;;;;;;;;
Czyżewskiego;;;;;;;;;
Hoene-Wrońskiego;;;;;;;;;
Kotarbińskiego;;;;;;;;;
Kraszewskiego;;;;;;;;;
Mehoffera;;;;;;;;;
Pankiewicza;;;;;;;;;
Unruga;;;;;;;;;
Wąsika;;;;;;;;;
Wassowskiego;;;;;;;;;
Wieniawskiego;;;;;;;;;
Żylewicza;;;;;;;;;
Niemcewicza;;;;;;;;;
Tuwima;;;;;;;;;
Kossaka;;;;;;;;;
Osterwy;;;;;;;;;
Słowackiego;;;;;;;;;
Junacka;;;;;;;;;
Junony;;;;;;;;;
Juraty;;;;;;;;;
Jutrzenki;;;;;;;;;
Kacza;;;;;;;;;
Kaczeńce;;;;;;;;;
Kadetów;;;;;;;;;
Kadmowa;;;;;;;;;
Kaletnicza;;;;;;;;;
Kalinowa;;;;;;;;;
Kaliska;;;;;;;;;
Kamienna Grobla;;;;;;;;;
Kampinoska;;;;;;;;;
Kanałowa;;;;;;;;;
Kapitańska;;;;;;;;;
Kapliczna;;;;;;;;;
Kaprów;;;;;;;;;
Wyszyńskiego;;;;;;;;;
Karkonoska;;;;;;;;;
Karlikowska;;;;;;;;;
Karmelicka;;;;;;;;;
Chodkiewicza;;;;;;;;;
Dickensa;;;;;;;;;
Kurpińskiego;;;;;;;;;
Lipińskiego;;;;;;;;;
Olszewskiego;;;;;;;;;
Szymanowskiego;;;;;;;;;
Karpacka;;;;;;;;;
Karpia;;;;;;;;;
Karsińska;;;;;;;;;
Kartuska;;;;;;;;;
Karwieńska;;;;;;;;;
Kasjopei;;;;;;;;;
Kasztanowa;;;;;;;;;
Kaszubska;;;;;;;;;
Katarzynki;;;;;;;;;
Kątowa;;;;;;;;;
Górskiego;;;;;;;;;
Jeżewskiego;;;;;;;;;
Leskiego;;;;;;;;;
Porębskiego;;;;;;;;;
Pułaskiego;;;;;;;;;
Sośnickiego;;;;;;;;;
Tetmajera;;;;;;;;;
Kazimierza Wielkiego;;;;;;;;;
Wiłkomirskiego;;;;;;;;;
Kaznodziejska;;;;;;;;;
Kempingowa;;;;;;;;;
Kępna;;;;;;;;;
Kielecka;;;;;;;;;
Kielnieńska;;;;;;;;;
Kiszewska;;;;;;;;;
Kładki;;;;;;;;;
Klesza;;;;;;;;;
Klimatyczna;;;;;;;;;
Kliniczna;;;;;;;;;
Klonowa;;;;;;;;;
Kłopot;;;;;;;;;
Kłosowa;;;;;;;;;
Klukowska;;;;;;;;;
Bramińskiego;;;;;;;;;
Kmieca;;;;;;;;;
Kminkowa;;;;;;;;;
Knyszyńska;;;;;;;;;
Kocurki;;;;;;;;;
Kolarska;;;;;;;;;
Kolbudzka;;;;;;;;;
Kolejarzy;;;;;;;;;
Kolejowa;;;;;;;;;
Kołobrzeska;;;;;;;;;
Kołodziejska;;;;;;;;;
Kolonia Anielinki;;;;;;;;;
Kolonia Jordana;;;;;;;;;
Kolonia Mysia;;;;;;;;;
Kolonia Ochota;;;;;;;;;
Kolonia Orka;;;;;;;;;
Kolonia Postęp;;;;;;;;;
Kolonia Praca;;;;;;;;;
Kolonia Przyszłość;;;;;;;;;
Kolonia Rola;;;;;;;;;
Kolonia Stanisława Przybyszewskiego;;;;;;;;;
Kolonia Studentów;;;;;;;;;
Kolonia Uroda;;;;;;;;;
Kolonia Wyżyny;;;;;;;;;
Kolonia Zaranie;;;;;;;;;
Kolonia Żeńcy;;;;;;;;;
Kolonia Zręby;;;;;;;;;
Kolonijna;;;;;;;;;
Kolorowa;;;;;;;;;
Komandorska;;;;;;;;;
Kombatantów;;;;;;;;;
Komety;;;;;;;;;
Komputerowa;;;;;;;;;
Konkordii;;;;;;;;;
Guderskiego;;;;;;;;;
Korzeniowskiego;;;;;;;;;
Leczkowa;;;;;;;;;
Wallenroda;;;;;;;;;
Bergiela;;;;;;;;;
Ciołkowskiego;;;;;;;;;
Gałczyńskiego;;;;;;;;;
Konstelacji;;;;;;;;;
Kontenerowa;;;;;;;;;
Konwalii;;;;;;;;;
Kopalniana;;;;;;;;;
Koralowa;;;;;;;;;
Kormoranów;;;;;;;;;
Makuszyńskiego;;;;;;;;;
Korsarzy;;;;;;;;;
Kortowska;;;;;;;;;
Korzenna;;;;;;;;;
Kościelna;;;;;;;;;
Kościerska;;;;;;;;;
Kosmonautów;;;;;;;;;
Koszalińska;;;;;;;;;
Kotwiczników;;;;;;;;;
Kowalska;;;;;;;;;
Kozacza Góra;;;;;;;;;
Kozia;;;;;;;;;
Koziorożca;;;;;;;;;
Borchardta;;;;;;;;;
Maciejewicza;;;;;;;;;
Poinca;;;;;;;;;
Krajeńska;;;;;;;;;
Kramarska;;;;;;;;;
Krańcowa;;;;;;;;;
Kraśnięta;;;;;;;;;
Krasnoludków;;;;;;;;;
Kręta;;;;;;;;;
Krokusowa;;;;;;;;;
Królewskie Wzgórze;;;;;;;;;
Królikarnia;;;;;;;;;
Bony;;;;;;;;;
Jadwigi;;;;;;;;;
Krosienka;;;;;;;;;
Krosna;;;;;;;;;
Krótka;;;;;;;;;
Krowia;;;;;;;;;
Krowoderska;;;;;;;;;
Krucza;;;;;;;;;
Kruszwicka;;;;;;;;;
Krylowa;;;;;;;;;
Krynicka;;;;;;;;;
Kryniczna;;;;;;;;;
Kryształowa;;;;;;;;;
Krzemowa;;;;;;;;;
Arciszewskiego;;;;;;;;;
Baczyńskiego;;;;;;;;;
Kolbergera;;;;;;;;;
Kolumba;;;;;;;;;
Komedy;;;;;;;;;
Mrongowiusza;;;;;;;;;
Krzywa;;;;;;;;;
Sychty;;;;;;;;;
Komorowskiego;;;;;;;;;
Rogaczewskiego;;;;;;;;;
Majdera;;;;;;;;;
Popiełuszki;;;;;;;;;
Tischnera;;;;;;;;;
Zator-Przytockiego;;;;;;;;;
Zator-Przytockiego;;;;;;;;;
Miszewskiego;;;;;;;;;
Góreckiego;;;;;;;;;
Gustkowicza;;;;;;;;;
Dunikowskiego;;;;;;;;;
Poniatowskiego;;;;;;;;;
Robaka;;;;;;;;;
Księżycowa;;;;;;;;;
Ku Ujściu;;;;;;;;;
Kubusia Puchatka;;;;;;;;;
Kujawska;;;;;;;;;
Kupały;;;;;;;;;
Kupiecka;;;;;;;;;
Kurierów Armii Krajowej;;;;;;;;;
Kurkowa;;;;;;;;;
Kurza;;;;;;;;;
Kuśnierska;;;;;;;;;
Kuszników;;;;;;;;;
Kutnowska;;;;;;;;;
Kwiatowa;;;;;;;;;
Kwidzyńska;;;;;;;;;
Kwietna;;;;;;;;;
Kwietniowa;;;;;;;;;
Łabędzia;;;;;;;;;
Łagiewniki;;;;;;;;;
Łagowska;;;;;;;;;
Łąkowa;;;;;;;;;
Łamana;;;;;;;;;
Łańcucka;;;;;;;;;
Łanowa;;;;;;;;;
Łapalicka;;;;;;;;;
Łapińska;;;;;;;;;
Lastadia;;;;;;;;;
Latarniana;;;;;;;;;
Lawendowa;;;;;;;;;
Lawendowe Wzgórze;;;;;;;;;
Ławnicza;;;;;;;;;
Lazurowa;;;;;;;;;
Lęborska;;;;;;;;;
Lecha;;;;;;;;;
Bądkowskiego;;;;;;;;;
Łęczycka;;;;;;;;;
Ledy;;;;;;;;;
Legendy;;;;;;;;;
Łęgi;;;;;;;;;
Legionów;;;;;;;;;
Legnicka;;;;;;;;;
Lektykarska;;;;;;;;;
Droszyńskiego;;;;;;;;;
Wyczółkowskiego;;;;;;;;;
Teligi;;;;;;;;;
Leśna;;;;;;;;;
Leśna Góra;;;;;;;;;
Leśny Potok;;;;;;;;;
Leśny Stok;;;;;;;;;
Leszczynowa;;;;;;;;;
Leszczyńskich;;;;;;;;;
Leszka Białego;;;;;;;;;
Letnia;;;;;;;;;
Letnicka;;;;;;;;;
Letniskowa;;;;;;;;;
Lewkoniowa;;;;;;;;;
Leźnieńska;;;;;;;;;
Liliowa;;;;;;;;;
Lilli Wenedy;;;;;;;;;
Limbowa;;;;;;;;;
Lipce;;;;;;;;;
Lipcowa;;;;;;;;;
Lipowa;;;;;;;;;
Lipuska;;;;;;;;;
Lirowa;;;;;;;;;
Lisia Grobla;;;;;;;;;
Listki;;;;;;;;;
Litewska;;;;;;;;;
Łódzka;;;;;;;;;
Łosia;;;;;;;;;
Łostowicka;;;;;;;;;
Lotników Polskich;;;;;;;;;
Łowców;;;;;;;;;
Łowicka;;;;;;;;;
Łozy;;;;;;;;;
Lubczykowa;;;;;;;;;
Lubelska;;;;;;;;;
Lublewska;;;;;;;;;
Szopińskiego;;;;;;;;;
Lubowidzka;;;;;;;;;
Lubuska;;;;;;;;;
Krzemienieckiej;;;;;;;;;
Łucznicza;;;;;;;;;
Różyckiego;;;;;;;;;
Ludowa;;;;;;;;;
Beethovena;;;;;;;;;
Hirszfelda;;;;;;;;;
Mierosławskiego;;;;;;;;;
Pasteura;;;;;;;;;
Rydygiera;;;;;;;;;
Solskiego;;;;;;;;;
Waryńskiego;;;;;;;;;
Zamenhofa;;;;;;;;;
Dziekuć-Maleja;;;;;;;;;
Lutniowa;;;;;;;;;
Łużycka;;;;;;;;;
Lwowska;;;;;;;;;
Łyżwiarska;;;;;;;;;
Macieja;;;;;;;;;
Kamieńskiego;;;;;;;;;
Maciejkowa;;;;;;;;;
Macierzankowa;;;;;;;;;
Macierzy Szkolnej w Gdańsku;;;;;;;;;
Magellana;;;;;;;;;
Magnoliowa;;;;;;;;;
Majewskich;;;;;;;;;
Majowa;;;;;;;;;
Maki;;;;;;;;;
Gierymskiego;;;;;;;;;
Malborska;;;;;;;;;
Malinowa;;;;;;;;;
Małomiejska;;;;;;;;;
Małoogrodowa;;;;;;;;;
Manifestu Połanieckiego;;;;;;;;;
Dragana;;;;;;;;;
Marcowa;;;;;;;;;
Mariacka;;;;;;;;;
Chodackiego;;;;;;;;;
Hemara;;;;;;;;;
Kołodzieja;;;;;;;;;
Pelczara;;;;;;;;;
Seredyńskiego;;;;;;;;;
Smoluchowskiego;;;;;;;;;
Konopnickiej;;;;;;;;;
Kureckiej;;;;;;;;;
Marii Ludwiki;;;;;;;;;
Skłodowskiej-Curie;;;;;;;;;
Zaruskiego;;;;;;;;;
Marsa;;;;;;;;;
Focha;;;;;;;;;
Piłsudskiego;;;;;;;;;
Maryli;;;;;;;;;
Marynarki Polskiej;;;;;;;;;
Marynarska;;;;;;;;;
Marzeń;;;;;;;;;
Maszynowa;;;;;;;;;
Matecznikowa;;;;;;;;;
Matemblewska;;;;;;;;;
Matki Polki;;;;;;;;;
Beniowskiego;;;;;;;;;
Mazowiecka;;;;;;;;;
Mazurska;;;;;;;;;
Menonitów;;;;;;;;;
Merkurego;;;;;;;;;
Metalowców;;;;;;;;;
Meteorytowa;;;;;;;;;
Mewy;;;;;;;;;
Mezowska;;;;;;;;;
Miałki Szlak;;;;;;;;;
Borowskiego;;;;;;;;;
Glinki;;;;;;;;;
Ogińskiego;;;;;;;;;
Michałki;;;;;;;;;
Miechucińska;;;;;;;;;
Boguckiego;;;;;;;;;
Karłowicza;;;;;;;;;
Niedziałkowskiego;;;;;;;;;
Ćwiklińskiej;;;;;;;;;
Miedza;;;;;;;;;
Miedziana;;;;;;;;;
Międzygwiezdna;;;;;;;;;
Mieszczańska;;;;;;;;;
Mieszka I;;;;;;;;;
Migdałowa;;;;;;;;;
Migowska;;;;;;;;;
Działyńskiego;;;;;;;;;
Gomółki;;;;;;;;;
Kopernika;;;;;;;;;
Reja;;;;;;;;;
Miła;;;;;;;;;
Miłocińska;;;;;;;;;
Miłosna;;;;;;;;;
Minerwy;;;;;;;;;
Minogi;;;;;;;;;
Miodowa;;;;;;;;;
Mirachowska;;;;;;;;;
Mirandy;;;;;;;;;
Białoszewskiego;;;;;;;;;
Sucharskiego;;;;;;;;;
Hubala;;;;;;;;;
Łupaszko;;;;;;;;;
Słabego;;;;;;;;;
Młodzieży Polskiej;;;;;;;;;
Młyńska;;;;;;;;;
Mniszki;;;;;;;;;
Modra;;;;;;;;;
Modrzewiowa;;;;;;;;;
Mokra;;;;;;;;;
Montażystów;;;;;;;;;
Morawska;;;;;;;;;
Morelowa;;;;;;;;;
Morenowa;;;;;;;;;
Morenowe Wzgórze;;;;;;;;;
Morska;;;;;;;;;
Most 100-lecia Odzyskania Niepodległości Polski;;;;;;;;;
Mostek;;;;;;;;;
Mostowa;;;;;;;;;
Motławska;;;;;;;;;
Mściwoja II;;;;;;;;;
Mydlarska;;;;;;;;;
Mylna;;;;;;;;;
Myśliborska;;;;;;;;;
Myśliwska;;;;;;;;;
Myśliwskie Wzgórze;;;;;;;;;
Na Ostrowiu;;;;;;;;;
Na Piaskach;;;;;;;;;
Na Stępce;;;;;;;;;
Na Stoku;;;;;;;;;
Na Szańcach;;;;;;;;;
Na Wzgórzu;;;;;;;;;
Na Zaspę;;;;;;;;;
Na Zboczu;;;;;;;;;
Nad Brzegiem;;;;;;;;;
Nad Jarem;;;;;;;;;
Nad Potokiem;;;;;;;;;
Nad Starą Radunią;;;;;;;;;
Nad Stawem;;;;;;;;;
Nadmorska;;;;;;;;;
Nadmorski Dwór;;;;;;;;;
Nadwiślańska;;;;;;;;;
Nadwodna;;;;;;;;;
Naftowa;;;;;;;;;
Nagietkowa;;;;;;;;;
Najświętszej Maryi Panny;;;;;;;;;
Nakielska;;;;;;;;;
Narciarska;;;;;;;;;
Narcyzowa;;;;;;;;;
Narewska;;;;;;;;;
Narwicka;;;;;;;;;
Nawigatorów;;;;;;;;;
Neptuna;;;;;;;;;
Paganiniego;;;;;;;;;
Nidzicka;;;;;;;;;
Nieborowska;;;;;;;;;
Niecała;;;;;;;;;
Niedźwiednik;;;;;;;;;
Niegocińska;;;;;;;;;
Niegowo;;;;;;;;;
Niegowska;;;;;;;;;
Niepołomicka;;;;;;;;;
Niezapominajek;;;;;;;;;
Nike;;;;;;;;;
Niska;;;;;;;;;
Niwki;;;;;;;;;
Notecka;;;;;;;;;
Nowa;;;;;;;;;
Nowatorów;;;;;;;;;
Nowe Ogrody;;;;;;;;;
Nowiec;;;;;;;;;
Nowiny;;;;;;;;;
Nowogródzka;;;;;;;;;
Nowolipie;;;;;;;;;
Nowomiejska;;;;;;;;;
Nowosądecka;;;;;;;;;
Nowotna;;;;;;;;;
Nowy Świat;;;;;;;;;
Obotrycka;;;;;;;;;
Obrońców Poczty Polskiej;;;;;;;;;
Obrońców Westerplatte;;;;;;;;;
Obrońców Wybrzeża;;;;;;;;;
Obywatelska;;;;;;;;;
Odrzańska;;;;;;;;;
Odyseusza;;;;;;;;;
Ofiar Grudnia 70;;;;;;;;;
Ogarna;;;;;;;;;
Ogrodowa;;;;;;;;;
Ojcowska;;;;;;;;;
Okólna;;;;;;;;;
Okopowa;;;;;;;;;
Okrąg;;;;;;;;;
Okrętowa;;;;;;;;;
Oksywska;;;;;;;;;
Olchowa;;;;;;;;;
Olejarna;;;;;;;;;
Olimpijska;;;;;;;;;
Oliwkowa;;;;;;;;;
Oliwska;;;;;;;;;
Ołowianka;;;;;;;;;
Olsztyńska;;;;;;;;;
Olszyńska;;;;;;;;;
Opacka;;;;;;;;;
Rybińskiego;;;;;;;;;
Opłotki;;;;;;;;;
Opolska;;;;;;;;;
Orańska;;;;;;;;;
Orfeusza;;;;;;;;;
Oriona;;;;;;;;;
Orla;;;;;;;;;
Orląt Lwowskich;;;;;;;;;
Orłowska;;;;;;;;;
Ornitologów;;;;;;;;;
Oruński;;;;;;;;;
Orzechowa;;;;;;;;;
Osiedle;;;;;;;;;
Osiedlowa;;;;;;;;;
Osiek;;;;;;;;;
Kolberga;;;;;;;;;
Osowski Zakątek;;;;;;;;;
Ostrołęcka;;;;;;;;;
Ostróżek;;;;;;;;;
Ostrzycka;;;;;;;;;
Osty;;;;;;;;;
Otago;;;;;;;;;
Otomińska;;;;;;;;;
Otwarta;;;;;;;;;
Owczarnia;;;;;;;;;
Owsiana;;;;;;;;;
Ozyrysa;;;;;;;;;
Pachołów;;;;;;;;;
Pagórkowa;;;;;;;;;
Pana Tadeusza;;;;;;;;;
Panieńska;;;;;;;;;
Pańska;;;;;;;;;
Park im. ks. Bronisława Kabata;;;;;;;;;
Park im. Św. Barbary;;;;;;;;;
Park Jelitkowski;;;;;;;;;
Park Ks. Kanonika Kazimierza Orkusza;;;;;;;;;
Park Oruński im. Emilii Hoene;;;;;;;;;
Park Steffensów;;;;;;;;;
Parkingowa;;;;;;;;;
Parkowa;;;;;;;;;
Parterowa;;;;;;;;;
Partyzantów;;;;;;;;;
Parysa;;;;;;;;;
Pasieczna;;;;;;;;;
Pastelowa;;;;;;;;;
Pawia;;;;;;;;;
Gdańca;;;;;;;;;
Pegaza;;;;;;;;;
Pelplińska;;;;;;;;;
Penelopy;;;;;;;;;
Perłowa;;;;;;;;;
Perseusza;;;;;;;;;
Piaskowa;;;;;;;;;
Piastowska;;;;;;;;;
Piecewska;;;;;;;;;
Piekarnicza;;;;;;;;;
Pienińska;;;;;;;;;
Piesza;;;;;;;;;
Piłkarska;;;;;;;;;
Pilotów;;;;;;;;;
Czajkowskiego;;;;;;;;;
Michałowskiego;;;;;;;;;
Norblina;;;;;;;;;
Piotrkowska;;;;;;;;;
Piwna;;;;;;;;;
Piwonii;;;;;;;;;
Plac Dwóch Miast;;;;;;;;;
Plac Solidarności;;;;;;;;;
Plac Władysława Bartoszewskiego;;;;;;;;;
Planetarna;;;;;;;;;
Platynowa;;;;;;;;;
Plebania;;;;;;;;;
Plejady;;;;;;;;;
Pałubickiego;;;;;;;;;
Wilka-Krzyżanowskiego;;;;;;;;;
Płocka;;;;;;;;;
Płońska;;;;;;;;;
Płowce;;;;;;;;;
Plutona;;;;;;;;;
Po Schodkach;;;;;;;;;
Pobiedzisko;;;;;;;;;
Pocztowa;;;;;;;;;
Poczty Gdańskiej;;;;;;;;;
Pod Zrębem;;;;;;;;;
Podbielańska;;;;;;;;;
Podchorążych;;;;;;;;;
Podgarbary;;;;;;;;;
Podhalańska;;;;;;;;;
Podjazd;;;;;;;;;
Podkarpacka;;;;;;;;;
Podkomorzego;;;;;;;;;
Podkramarska;;;;;;;;;
Podleśna;;;;;;;;;
Podmiejska;;;;;;;;;
Podmłyńska;;;;;;;;;
Podmurze;;;;;;;;;
Podstoczna;;;;;;;;;
Podwale Grodzkie;;;;;;;;;
Podwale Przedmiejskie;;;;;;;;;
Podwale Staromiejskie;;;;;;;;;
Podzamcze;;;;;;;;;
Pogodna;;;;;;;;;
Pohulanka;;;;;;;;;
Pokładowa;;;;;;;;;
Lechii Gdańsk;;;;;;;;;
Polanki;;;;;;;;;
Połczyńska;;;;;;;;;
Poleska;;;;;;;;;
Połęże;;;;;;;;;
Gojawiczyńskiej;;;;;;;;;
Politechniczna;;;;;;;;;
Polna;;;;;;;;;
Pólnicy;;;;;;;;;
Północna;;;;;;;;;
Polonii Gdańskiej;;;;;;;;;
Polskiego Czerwonego Krzyża;;;;;;;;;
Południowa;;;;;;;;;
Pomorska;;;;;;;;;
Pomyślna;;;;;;;;;
Pończoszników;;;;;;;;;
Popradzka;;;;;;;;;
Poprzeczna;;;;;;;;;
Portowców;;;;;;;;;
Porzeczkowa;;;;;;;;;
Posejdona;;;;;;;;;
Potęgowska;;;;;;;;;
Potokowa;;;;;;;;;
Powalna;;;;;;;;;
Powroźnicza;;;;;;;;;
Powstańców Warszawskich;;;;;;;;;
Powstańców Wielkopolskich;;;;;;;;;
Powstania Kościuszkowskiego;;;;;;;;;
Powstania Listopadowego;;;;;;;;;
Powstania Styczniowego;;;;;;;;;
Pożarnicza;;;;;;;;;
Poziomkowa;;;;;;;;;
Poznańska;;;;;;;;;
Pohoreckiego;;;;;;;;;
Kaczyńskiego;;;;;;;;;
Reagana;;;;;;;;;
Górnowicza;;;;;;;;;
Więckowskiego;;;;;;;;;
Kopeckiego;;;;;;;;;
Osińskiego;;;;;;;;;
Raciborskiego;;;;;;;;;
Siedleckiego;;;;;;;;;
Gałuszki;;;;;;;;;
Lipowicza;;;;;;;;;
Cebertowicza;;;;;;;;;
Szpora;;;;;;;;;
Hausbrandta;;;;;;;;;
Myczkowskiego;;;;;;;;;
Andruszkiewicza;;;;;;;;;
Kieturakisa;;;;;;;;;
Czubińskiego;;;;;;;;;
Profesorska;;;;;;;;;
Prometeusza;;;;;;;;;
Promienista;;;;;;;;;
Promowa;;;;;;;;;
Prosta;;;;;;;;;
Protazego;;;;;;;;;
Próżna;;;;;;;;;
Przebiśniegowa;;;;;;;;;
Przędzalnicza;;;;;;;;;
Przegalińska;;;;;;;;;
Przełom;;;;;;;;;
Przemian;;;;;;;;;
Przemyska;;;;;;;;;
Przemysłowa;;;;;;;;;
Przesmyk;;;;;;;;;
Przetoczna;;;;;;;;;
Przy Torze;;;;;;;;;
Przybrzeżna;;;;;;;;;
Przyjaciół;;;;;;;;;
Przyjazna;;;;;;;;;
Przyjemna;;;;;;;;;
Przyokopowa;;;;;;;;;
Przyrodników;;;;;;;;;
Przytulna;;;;;;;;;
Przywidzka;;;;;;;;;
Pszenna;;;;;;;;;
Ptasia;;;;;;;;;
Pucka;;;;;;;;;
Pusta;;;;;;;;;
Rabatki;;;;;;;;;
Racławicka;;;;;;;;;
Radarowa;;;;;;;;;
Radiowa;;;;;;;;;
Radna;;;;;;;;;
Radomska;;;;;;;;;
Radosna;;;;;;;;;
Radunicka;;;;;;;;;
Raduńska;;;;;;;;;
Rajska;;;;;;;;;
Rakietowa;;;;;;;;;
Reduta Dzik;;;;;;;;;
Reduta Miejska;;;;;;;;;
Reduta Miś;;;;;;;;;
Reduta Wilk;;;;;;;;;
Reduta Wyskok;;;;;;;;;
Reduta Żbik;;;;;;;;;
Refektarska;;;;;;;;;
Reformacka;;;;;;;;;
Regatowa;;;;;;;;;
Rejenta;;;;;;;;;
Rekowska;;;;;;;;;
Relaksowa;;;;;;;;;
Remusa;;;;;;;;;
Renesansowa;;;;;;;;;
de Plelo;;;;;;;;;
Fultona;;;;;;;;;
Schumana;;;;;;;;;
Robotnicza;;;;;;;;;
Rodzinna;;;;;;;;;
Rogalińska;;;;;;;;;
Rokitnikowa;;;;;;;;;
Rolna;;;;;;;;;
Dmowskiego;;;;;;;;;
Ogryczaków;;;;;;;;;
Wyrobka;;;;;;;;;
Romańska;;;;;;;;;
Traugutta;;;;;;;;;
Rondo 4 Czerwca 1989 r.;;;;;;;;;
Rondo Graniczne Wolne Miasto Gdańsk - Rzeczpospolita Polska (1920 - 1939);;;;;;;;;
Rondo im. 77 pułku AK;;;;;;;;;
Rondo im. Anny Piaseckiej;;;;;;;;;
Rondo im. Guntera Grassa;;;;;;;;;
Rondo im. Mieczysława Jałowieckiego;;;;;;;;;
Rondo im. Raoula Wallenberga;;;;;;;;;
Rondo im. Stanisława Kowalskiego;;;;;;;;;
Rondo im. Tadeusza Bolduana;;;;;;;;;
Rondo im. Tadeusza Mazowieckiego;;;;;;;;;
Rondo Komitetu Obrony Robotników;;;;;;;;;
Rondo Ofiar Katynia;;;;;;;;;
Rondo Pamięci Męczeństwa Kresowian;;;;;;;;;
Rondo Pana Cogito;;;;;;;;;
Rondo Rybaków;;;;;;;;;
Rosiczki;;;;;;;;;
Równa;;;;;;;;;
Różana;;;;;;;;;
Różany Stok;;;;;;;;;
Rozłogi;;;;;;;;;
Rozwojowa;;;;;;;;;
Ostrowskiej;;;;;;;;;
Rubinowa;;;;;;;;;
Rufowa;;;;;;;;;
Rumiankowa;;;;;;;;;
Rusałki;;;;;;;;;
Rybacka;;;;;;;;;
Rybackie Pobrzeże;;;;;;;;;
Rybaki Dolne;;;;;;;;;
Rybaki Górne;;;;;;;;;
Rybitwy;;;;;;;;;
Rybna;;;;;;;;;
Rybołowców;;;;;;;;;
Rycerska;;;;;;;;;
Rycerza Blizbora;;;;;;;;;
Rysia;;;;;;;;;
Tomczaka;;;;;;;;;
Wagnera;;;;;;;;;
Rzeczna;;;;;;;;;
Rzeczypospolitej;;;;;;;;;
Rzepichy;;;;;;;;;
Rzęsna;;;;;;;;;
Rzeźnicka;;;;;;;;;
Sadowa;;;;;;;;;
Salwator;;;;;;;;;
Sambora;;;;;;;;;
Lindego;;;;;;;;;
Sandomierska;;;;;;;;;
Saneczkarska;;;;;;;;;
Sanocka;;;;;;;;;
Saperów;;;;;;;;;
Sarnia;;;;;;;;;
Sasankowa;;;;;;;;;
Sąsiedzka;;;;;;;;;
Satelitarna;;;;;;;;;
Saturna;;;;;;;;;
Ścieżki;;;;;;;;;
Klonowicza;;;;;;;;;
Secesyjna;;;;;;;;;
Seleny;;;;;;;;;
Serbska;;;;;;;;;
Serdeczna;;;;;;;;;
Goszczyńskiego;;;;;;;;;
Sianowska;;;;;;;;;
Siedlicka;;;;;;;;;
Sielska;;;;;;;;;
Sienna;;;;;;;;;
Sienna Grobla;;;;;;;;;
Siennicka;;;;;;;;;
Sierakowicka;;;;;;;;;
Sieroca;;;;;;;;;
Sierpniowa;;;;;;;;;
Sierpowa;;;;;;;;;
Sitowie;;;;;;;;;
Skarpowa;;;;;;;;;
Skiby;;;;;;;;;
Skrajna;;;;;;;;;
Skwer Gyddanyzc;;;;;;;;;
Skwer im. Anny Walentynowicz;;;;;;;;;
"Skwer im. Danuty Siedzikówny ""Inki""";;;;;;;;;
Skwer im. Harcerzy Polskich w byłym Wolnym Mieście Gdańsku;;;;;;;;;
Skwer im. Ireny Jarockiej;;;;;;;;;
Skwer Sąsiadów;;;;;;;;;
Śląska;;;;;;;;;
Śliwkowa;;;;;;;;;
Słodowników;;;;;;;;;
Słomiana;;;;;;;;;
Słoneczna;;;;;;;;;
Słoneczna Dolina;;;;;;;;;
Słonecznikowa;;;;;;;;;
Słowiańska;;;;;;;;;
Słowików;;;;;;;;;
Słupska;;;;;;;;;
Śluza;;;;;;;;;
Służebna;;;;;;;;;
Smęgorzyńska;;;;;;;;;
Smętna;;;;;;;;;
Śmigłowa;;;;;;;;;
Smoleńska;;;;;;;;;
Smolna;;;;;;;;;
Smugowa;;;;;;;;;
Śniadeckich;;;;;;;;;
Śnieżna;;;;;;;;;
Snycerzy;;;;;;;;;
Sobieszewska;;;;;;;;;
Sobolowa;;;;;;;;;
Sobótki;;;;;;;;;
Sochaczewska;;;;;;;;;
Sokola;;;;;;;;;
Solec;;;;;;;;;
Sołecka;;;;;;;;;
Somińska;;;;;;;;;
Sopocka;;;;;;;;;
Sosnowa;;;;;;;;;
Sowia;;;;;;;;;
Sówki;;;;;;;;;
Spacerowa;;;;;;;;;
Spadochroniarzy;;;;;;;;;
Spadzista;;;;;;;;;
Spichrzowa;;;;;;;;;
Spokojna;;;;;;;;;
Sportowa;;;;;;;;;
Srebrna;;;;;;;;;
Srebrniki;;;;;;;;;
Stągiewna;;;;;;;;;
Stajenna;;;;;;;;;
Stalowa;;;;;;;;;
Dąbka;;;;;;;;;
Dubois;;;;;;;;;
Hebanowskiego;;;;;;;;;
Konarskiego;;;;;;;;;
Kunickiego;;;;;;;;;
Lema;;;;;;;;;
Małachowskiego;;;;;;;;;
Moniuszki;;;;;;;;;
Noakowskiego;;;;;;;;;
Pawłowskiego;;;;;;;;;
Skarżyńskiego;;;;;;;;;
Sołdka;;;;;;;;;
Staszica;;;;;;;;;
Wąsowicza;;;;;;;;;
Witkiewicza;;;;;;;;;
Worcella;;;;;;;;;
Wyspiańskiego;;;;;;;;;
Stara Stocznia;;;;;;;;;
Stara Twierdza;;;;;;;;;
Stare Domki;;;;;;;;;
Starodworska;;;;;;;;;
Starogardzka;;;;;;;;;
Starowiejska;;;;;;;;;
Starowiślna;;;;;;;;;
Startowa;;;;;;;;;
Stary Dwór;;;;;;;;;
Stary Rynek Oliwski;;;;;;;;;
Steczka;;;;;;;;;
Stefana Batorego;;;;;;;;;
Czarnieckiego;;;;;;;;;
Drzewieckiego;;;;;;;;;
Jaracza;;;;;;;;;
Kisielewskiego;;;;;;;;;
Miraua;;;;;;;;;
Okrzei;;;;;;;;;
Ramułta;;;;;;;;;
Żeromskiego;;;;;;;;;
Sempołowskiej;;;;;;;;;
Stępkarska;;;;;;;;;
Sternicza;;;;;;;;;
Stężycka;;;;;;;;;
Stoczniowców;;;;;;;;;
Stogi;;;;;;;;;
Stokłosy;;;;;;;;;
Stokrotki;;;;;;;;;
Stolarska;;;;;;;;;
Stolema;;;;;;;;;
Stolnika;;;;;;;;;
Storczykowa;;;;;;;;;
Straganiarska;;;;;;;;;
Strajku Dokerów;;;;;;;;;
Straszyńska;;;;;;;;;
Stroma;;;;;;;;;
Strzelca;;;;;;;;;
Strzelców Karpackich;;;;;;;;;
Strzelecka;;;;;;;;;
Subisława;;;;;;;;;
Sucha;;;;;;;;;
Sudomska;;;;;;;;;
Sukiennicza;;;;;;;;;
Sulęczyńska;;;;;;;;;
Sulmińska;;;;;;;;;
Suwalska;;;;;;;;;
Barbary;;;;;;;;;
Alberta;;;;;;;;;
św. Ducha;;;;;;;;;
Huberta;;;;;;;;;
Jana Apostoła;;;;;;;;;
Jana de La Salle;;;;;;;;;
Piotra;;;;;;;;;
św. Trójcy;;;;;;;;;
Swarzewska;;;;;;;;;
Świbnieńska;;;;;;;;;
Świdnicka;;;;;;;;;
Świerkowa;;;;;;;;;
Świętojańska;;;;;;;;;
Świętokrzyska;;;;;;;;;
Świętopełka;;;;;;;;;
Świstaka;;;;;;;;;
Świtezianki;;;;;;;;;
Swojska;;;;;;;;;
Sybiraków;;;;;;;;;
Sympatyczna;;;;;;;;;
Synów Pułku;;;;;;;;;
Syriusza;;;;;;;;;
Szafarnia;;;;;;;;;
Szafirowa;;;;;;;;;
Szafranowa;;;;;;;;;
Szalupowa;;;;;;;;;
Szara;;;;;;;;;
Szarotki;;;;;;;;;
Szczecińska;;;;;;;;;
Pileckiego;;;;;;;;;
Szczęśliwa;;;;;;;;;
Szczodra;;;;;;;;;
Szczygla;;;;;;;;;
Szczytników;;;;;;;;;
Szermiercza;;;;;;;;;
Szeroka;;;;;;;;;
Szewska;;;;;;;;;
Szklana Huta;;;;;;;;;
Szklary;;;;;;;;;
Szkocka;;;;;;;;;
Szkolna;;;;;;;;;
Szkutnicza;;;;;;;;;
Szmaragdowa;;;;;;;;;
Szopy;;;;;;;;;
Szpaki;;;;;;;;;
Szpitalna;;;;;;;;;
Sztormowa;;;;;;;;;
Sztutowska;;;;;;;;;
Szuwary;;;;;;;;;
Szybowcowa;;;;;;;;;
Szymbarska;;;;;;;;;
Szynszylowa;;;;;;;;;
Szyprów;;;;;;;;;
Taborowa;;;;;;;;;
Browicza;;;;;;;;;
Czarnowskiego;;;;;;;;;
Gwiazdowskiego;;;;;;;;;
Jasińskiego;;;;;;;;;
Kościuszki;;;;;;;;;
Polaka;;;;;;;;;
Rejtana;;;;;;;;;
Sygietyńskiego;;;;;;;;;
Tylewskiego;;;;;;;;;
Wendy;;;;;;;;;
Tama Pędzichowska;;;;;;;;;
Tamka;;;;;;;;;
Tandeta;;;;;;;;;
Taneczna;;;;;;;;;
Tarasy;;;;;;;;;
Tarcice;;;;;;;;;
Targ Drzewny;;;;;;;;;
Targ Maślany;;;;;;;;;
Targ Rakowy;;;;;;;;;
Targ Rybny;;;;;;;;;
Targ Sienny;;;;;;;;;
Targ Węglowy;;;;;;;;;
Tarniny;;;;;;;;;
Tarnowska;;;;;;;;;
Tartaczna;;;;;;;;;
Tatrzańska;;;;;;;;;
Teatralna;;;;;;;;;
Tęczowa;;;;;;;;;
Teleskopowa;;;;;;;;;
Telewizyjna;;;;;;;;;
Telimeny;;;;;;;;;
Temidy;;;;;;;;;
Tenisowa;;;;;;;;;
Lenartowicza;;;;;;;;;
Tezeusza;;;;;;;;;
Tkacka;;;;;;;;;
Tobiasza;;;;;;;;;
Tokarska;;;;;;;;;
Tolkmicka;;;;;;;;;
Edisona;;;;;;;;;
Topazowa;;;;;;;;;
Topolowa;;;;;;;;;
Toruńska;;;;;;;;;
Towarowa;;;;;;;;;
Trakt św. Wojciecha;;;;;;;;;
Trałowa;;;;;;;;;
Transportowców;;;;;;;;;
Trapowa;;;;;;;;;
Trawki;;;;;;;;;
Trubadurów;;;;;;;;;
Trzeciego Tysiąclecia;;;;;;;;;
Trzy Lipy;;;;;;;;;
Tuchomska;;;;;;;;;
Tulipanów;;;;;;;;;
Tunel im. abp. Tadeusza Gocłowskiego;;;;;;;;;
Tunel im. Grzegorza Oryszczaka;;;;;;;;;
Turkusowa;;;;;;;;;
Turystyczna;;;;;;;;;
Turzycowa;;;;;;;;;
Twarda;;;;;;;;;
Tymiankowa;;;;;;;;;
Tysiąclecia;;;;;;;;;
Chałubińskiego;;;;;;;;;
U Furty;;;;;;;;;
Ubocze;;;;;;;;;
Uczniowska;;;;;;;;;
Ugory;;;;;;;;;
Ujeścisko;;;;;;;;;
Ukośna;;;;;;;;;
Ukryta;;;;;;;;;
Ułańska;;;;;;;;;
Urana;;;;;;;;;
Uranowa;;;;;;;;;
Urocza;;;;;;;;;
Urwista;;;;;;;;;
Ustronie;;;;;;;;;
Uzdrowiskowa;;;;;;;;;
Victorii;;;;;;;;;
Dwór;;;;;;;;;
Balcerskiego;;;;;;;;;
Kłoczkowskiego;;;;;;;;;
Wadowicka;;;;;;;;;
Wajdeloty;;;;;;;;;
Walecznych;;;;;;;;;
Wałowa;;;;;;;;;
Wałowy;;;;;;;;;
Wały Jagiellońskie;;;;;;;;;
Wały Piastowskie;;;;;;;;;
Wapiennicza;;;;;;;;;
Warneńska;;;;;;;;;
Warszawska;;;;;;;;;
Wartka;;;;;;;;;
Warzywnicza;;;;;;;;;
Wąskotorowa;;;;;;;;;
Wawelska;;;;;;;;;
Wąwóz;;;;;;;;;
Wczasy;;;;;;;;;
Wdzydzka;;;;;;;;;
Wegi;;;;;;;;;
Węglarska;;;;;;;;;
Węgorzowa;;;;;;;;;
Wełniarska;;;;;;;;;
Wenus;;;;;;;;;
Węsierska;;;;;;;;;
Wesoła;;;;;;;;;
Westy;;;;;;;;;
Węzeł im. Carla Groddecka;;;;;;;;;
Węzeł Kliniczna;;;;;;;;;
Węzeł Unii Europejskiej;;;;;;;;;
Wichrowe Wzgórze;;;;;;;;;
Widlińska;;;;;;;;;
Widok;;;;;;;;;
Więcierze;;;;;;;;;
Wiecka;;;;;;;;;
Wielewska;;;;;;;;;
Wielkie Młyny;;;;;;;;;
Wielkopolska;;;;;;;;;
Wielopole;;;;;;;;;
Wieniecka;;;;;;;;;
Wierzbowa;;;;;;;;;
Wiesława;;;;;;;;;
Wiewiórcza;;;;;;;;;
Wieżycka;;;;;;;;;
Wigierska;;;;;;;;;
Gomulickiego;;;;;;;;;
Wilanowska;;;;;;;;;
Wilcza;;;;;;;;;
Wileńska;;;;;;;;;
Wilgi;;;;;;;;;
Stryjewskiego;;;;;;;;;
Wilków Morskich;;;;;;;;;
Willowa;;;;;;;;;
Pola;;;;;;;;;
Pstrowskiego;;;;;;;;;
Witosa;;;;;;;;;
Winnicka;;;;;;;;;
Winogronowa;;;;;;;;;
Wiolinowa;;;;;;;;;
Wiosenna;;;;;;;;;
Wiosłowa;;;;;;;;;
Wiosny Ludów;;;;;;;;;
Wiślna;;;;;;;;;
Wiśniowa;;;;;;;;;
Stwosza;;;;;;;;;
Doroszewskiego;;;;;;;;;
Grabowskiego;;;;;;;;;
Małcużyńskiego;;;;;;;;;
Biegańskiego;;;;;;;;;
Broniewskiego;;;;;;;;;
Cieszyńskiego;;;;;;;;;
Czermińskiego;;;;;;;;;
Władysława IV;;;;;;;;;
Władysława Jagiełły;;;;;;;;;
Orkana;;;;;;;;;
Pniewskiego;;;;;;;;;
Reymonta;;;;;;;;;
Świechockiego;;;;;;;;;
Syrokomli;;;;;;;;;
Szafera;;;;;;;;;
Żeleńskiego;;;;;;;;;
Władysławowska;;;;;;;;;
Własna Strzecha;;;;;;;;;
Włóczników;;;;;;;;;
Wodna;;;;;;;;;
Wodnika;;;;;;;;;
Wodopój;;;;;;;;;
Bogusławskiego;;;;;;;;;
Drzymały;;;;;;;;;
Kętrzyńskiego;;;;;;;;;
Wojska Polskiego;;;;;;;;;
Wojskiego;;;;;;;;;
Wolarza;;;;;;;;;
Mozarta;;;;;;;;;
Wolińska;;;;;;;;;
Wołkowyska;;;;;;;;;
Wolności;;;;;;;;;
Wołyńska;;;;;;;;;
Budzysza;;;;;;;;;
Woźnicy;;;;;;;;;
Wróbla;;;;;;;;;
Wrocławska;;;;;;;;;
Wronia;;;;;;;;;
Wrześniowa;;;;;;;;;
Wrzeszczańska;;;;;;;;;
Wrzosy;;;;;;;;;
Wschodnia;;;;;;;;;
Współczesna;;;;;;;;;
Wspólna;;;;;;;;;
Wspornikowa;;;;;;;;;
Wyciąg;;;;;;;;;
Wydmy;;;;;;;;;
Wygon;;;;;;;;;
Wypoczynkowa;;;;;;;;;
Wyzwolenia;;;;;;;;;
Za Murami;;;;;;;;;
Żabi Kruk;;;;;;;;;
Żabia;;;;;;;;;
Zabłotna;;;;;;;;;
Zabytkowa;;;;;;;;;
Zacisze;;;;;;;;;
Zacna;;;;;;;;;
Żaglowa;;;;;;;;;
Zagony;;;;;;;;;
Zagórna;;;;;;;;;
Zagroble;;;;;;;;;
Zagrodowa;;;;;;;;;
Zajęcza;;;;;;;;;
Zakole;;;;;;;;;
Zakoniczyńska;;;;;;;;;
Zakopiańska;;;;;;;;;
Zakosy;;;;;;;;;
Żaków;;;;;;;;;
Zalesie;;;;;;;;;
Załogowa;;;;;;;;;
Zamiejska;;;;;;;;;
Zamknięta;;;;;;;;;
Zamkowa;;;;;;;;;
Zamojska;;;;;;;;;
Żarnowiecka;;;;;;;;;
Zaroślak;;;;;;;;;
Zaścianek;;;;;;;;;
Zatokowa;;;;;;;;;
Zaułek Ormiański;;;;;;;;;
Zaułek św. Bartłomieja;;;;;;;;;
Zaułek Zachariasza Zappio;;;;;;;;;
Zawiejska;;;;;;;;;
Zawilcowa;;;;;;;;;
Zawiślańska;;;;;;;;;
Zawiszy Czarnego;;;;;;;;;
Zawodników;;;;;;;;;
Zawodzie;;;;;;;;;
Zawrotna;;;;;;;;;
Zbąszyńska;;;;;;;;;
Zbieżna;;;;;;;;;
Burzyńskiego;;;;;;;;;
Cybulskiego;;;;;;;;;
Herberta;;;;;;;;;
Podleckiego;;;;;;;;;
Zbyszka z Bogdańca;;;;;;;;;
Zbytki;;;;;;;;;
Zdrojowa;;;;;;;;;
Zebrań Ludowych;;;;;;;;;
Żeglarska;;;;;;;;;
Zenitowa;;;;;;;;;
Zeusa;;;;;;;;;
Zgody I;;;;;;;;;
Zgody II;;;;;;;;;
Zielna;;;;;;;;;
Zielona;;;;;;;;;
Zielone Wzgórze;;;;;;;;;
Zielonogórska;;;;;;;;;
Zielony Stok;;;;;;;;;
Zielony Trójkąt;;;;;;;;;
Zielony Zakątek;;;;;;;;;
Ziemowita;;;;;;;;;
Zimna;;;;;;;;;
Złota;;;;;;;;;
Złota Karczma;;;;;;;;;
Złotników;;;;;;;;;
Złotowska;;;;;;;;;
Żniwna;;;;;;;;;
Nałkowskiej;;;;;;;;;
Żołnierska;;;;;;;;;
Żonkilowa;;;;;;;;;
Zosi;;;;;;;;;
Źródlana;;;;;;;;;
Żubrowa;;;;;;;;;
Zuchów;;;;;;;;;
Żukowska;;;;;;;;;
Żuławska;;;;;;;;;
Żurawia;;;;;;;;;
Związkowa;;;;;;;;;
Związku Jaszczurczego;;;;;;;;;
Zwierzyniecka;;;;;;;;;
Żwirki i Wigury;;;;;;;;;
Zwycięstwa;;;;;;;;;
Życzliwa;;;;;;;;;
Zygmunta Augusta;;;;;;;;;
Chychły;;;;;;;;;
Noskowskiego;;;;;;;;;
Rumla;;;;;;;;;
Wróblewskiego;;;;;;;;;
Żytnia;;;;;;;;;
Żywiecka;;;;;;;;;
